,accuracy,recall,precision,F1,AUC,AUPR
0,0.4948075085018311,0.9301725873011758,0.017064654676644198,0.030131525484075446,0.9296898017415383,0.12876436585527157
